like1,PARM12,PARM17,PARM20,PARM23,PARM40,PARM49,PARM50,PARM51,PARM90,PARM92,chain
-4662.1206,2.3394635,0.086231135,0.27820876,0.003124764,0.73382705,8.039168,0.18326944,0.68245804,9.199905,1.300884,1
-2789.527,2.1281738,0.269689,0.18502313,0.002704506,0.08898929,13.586431,0.16198915,0.4616103,1.8543471,1.6494179,2
-32555.934,1.7782311,0.3130291,0.36861148,0.002776241,0.6583737,10.80324,0.13616751,0.39914414,7.6279387,1.1148238,3
-6050.1494,2.2376196,0.4510718,0.33745956,0.002852175,0.83312935,5.17756,0.25149894,0.82754344,5.121193,1.819727,4
-29067.361,1.9468206,0.35842884,0.081033,0.002610839,0.19831538,9.411357,0.2284931,0.609471,6.076699,0.96060884,5
-6204.6616,1.6943121,0.177093,0.30791634,0.002942713,0.56057763,6.5570793,0.09291872,0.5315653,6.8974285,1.462013,6
-5985.2915,2.0259533,0.04274634,0.2153785,0.003033384,0.47867668,2.7644787,0.2057422,0.31545144,2.6424685,0.7880575,7
-20464.744,1.600709,0.13524489,0.25216612,0.002373841,0.29466936,1.6486286,0.27903187,0.7543575,4.347274,0.25351638,8
-3319.2773,2.4210532,0.41128185,0.15361705,0.00245125,0.9098757,3.9246912,0.07316504,0.24562016,8.498527,0.5766731,9
-5632.8877,1.7013919,0.146009,0.13384877,0.002647042,0.07803476,13.081017,0.16170502,0.28700387,2.0584476,1.0098797,0
-40216.473,2.262308,0.13382271,0.31873137,0.003030346,0.8205509,8.6298485,0.20194468,0.83706814,9.692355,1.8072088,1
-26970.309,2.0824785,0.31826612,0.33263695,0.002830677,0.24312377,12.844615,0.17564562,0.5786441,4.114886,1.944002,2
-1552.7098,2.1970432,0.48123628,0.3734774,0.002933767,0.966217,10.98772,0.110128485,0.5518875,8.440394,1.8016741,3
-634.1048,2.1342332,0.36009446,0.2778687,0.002637402,0.62265676,0.2726302,0.27370596,0.76562136,3.5432968,1.3155416,4
-5130.2515,1.852594,0.1734292,0.057762932,0.002584129,0.19768853,11.586968,0.29807147,0.7031706,4.532645,0.76070315,5
-1905.4398,1.595747,0.13094586,0.24522372,0.002755193,0.821822,5.163813,0.05574336,0.23790847,8.54745,0.11710288,6
-954.6734,1.9150308,0.038653035,0.20782211,0.002951771,0.7142522,1.1264187,0.091085985,0.17010315,4.383063,0.17345437,7
-9763.714,2.5,0.29621437,0.3848707,0.002568337,0.19846375,12.560263,0.14743951,0.60873044,2.1658897,0.55287355,8
-1032.6542,2.1620362,0.33631757,0.09913716,0.002445828,0.8458285,2.8386962,0.058834504,0.18639793,9.078663,0.17965078,9
-26618.227,2.1295726,0.49728963,0.3339641,0.002612805,0.12505633,0.00309,0.11073867,0.32681185,2.031827,1.3949646,0
-2408.6733,2.3571548,0.17365688,0.38251266,0.002967267,0.8021418,13.065391,0.18326944,0.8972004,8.873635,1.8387533,1
-41931.11,2.3890047,0.22019038,0.3177736,0.003012323,0.38885316,11.661248,0.16198915,0.450621,4.388332,1.955459,2
-5087.3086,2.4381406,0.4803735,0.33001298,0.002965086,0.36996266,11.447238,0.110128485,0.8171898,3.3288167,1.3768256,3
-33264.492,2.4393265,0.4410941,0.36560324,0.002615758,0.47378466,5.4008045,0.27370596,0.8725893,2.6881752,1.6747675,4
-48056.27,1.721535,0.007271286,0.12001877,0.002841868,0.12539501,10.638597,0.29807147,0.6948218,1.8741652,0.7575044,5
-3634.895,1.6128144,0.11755262,0.14471726,0.002622551,0.9365649,6.5558505,0.05574336,0.31157678,8.376044,0.70605505,6
-23162.158,1.7529594,0.057102688,0.18643048,0.003036963,0.3480005,6.290989,0.091085985,0.4545085,1.7171795,0.50051576,7
-4080.7178,2.4943018,0.2207711,0.38491747,0.002681943,0.6591778,9.278581,0.14743951,0.3570267,7.4899263,0.37933347,8
-3571.7817,2.433482,0.12915891,0.16505541,0.003068512,0.9571686,4.5083637,0.058834504,0.2744402,7.0983167,0.82340705,9
-11747.331,2.346914,0.22611107,0.06726232,0.002518882,0.083100535,13.70508,0.11073867,0.17461081,3.5115273,0.41368583,0
-2843.188,1.9455183,0.17365688,0.2959379,0.002967267,0.97972476,10.333613,0.18326944,0.8972004,8.873635,1.8387533,1
-2488.6008,2.1801805,0.269689,0.3221117,0.002704506,0.39354807,14.793009,0.16198915,0.4616103,1.8543471,1.6494179,2
-40771.527,2.3593004,0.48123628,0.38559327,0.002933767,0.80308515,0.00309,0.110128485,0.5518875,8.440394,1.8016741,3
-16396.7,1.8705268,0.36009446,0.30736285,0.002637402,0.71040434,3.6857538,0.27370596,0.76562136,3.5432968,1.3155416,4
-6047.872,1.6288275,0.1734292,0.20579697,0.002584129,0.13505913,9.010995,0.29807147,0.7031706,4.532645,0.76070315,5
-1107.372,1.761714,0.13094586,0.09746198,0.002755193,0.6267573,12.008966,0.05574336,0.23790847,8.54745,0.11710288,6
-12292.5205,2.0260334,0.038653035,0.26959285,0.002951771,0.8241378,4.970578,0.091085985,0.17010315,4.383063,0.17345437,7
-4081.9966,2.4500055,0.2207711,0.3033056,0.002681943,0.39327094,11.117783,0.14743951,0.3570267,7.4899263,0.37933347,8
-5466.897,2.4618652,0.33631757,0.27687618,0.002445828,0.692183,1.0399946,0.058834504,0.18639793,9.078663,0.17965078,9
-5415.563,2.064261,0.22611107,0.13194764,0.002555769,0.37923926,11.365365,0.06560719,0.29086906,6.093892,0.34256127,0
-4654.628,2.236405,0.17365688,0.27723557,0.002854403,0.8021418,12.456734,0.20787404,0.7348568,8.239889,1.9768691,1
-18436.432,1.8812804,0.269689,0.26882097,0.002857303,0.39354807,8.666618,0.12597457,0.34784952,2.0426824,1.5319842,2
-2215.9575,2.0960214,0.48123628,0.35193998,0.003171373,0.966217,12.925354,0.1462616,0.72092664,9.909894,0.67880154,3
-1882.1918,2.2901533,0.36009446,0.21572582,0.002375758,0.62265676,1.3186697,0.25290582,0.7757541,6.5179973,1.3192859,4
-4564.1055,1.5446478,0.1734292,0.11619718,0.002873863,0.19768853,10.258319,0.07261564,0.5050663,4.9037585,0.62476677,5
-1278.0308,1.5601019,0.13094586,0.072812326,0.002887103,0.6267573,13.86555,0.09437702,0.20334594,6.622114,0.44878516,6
-1677.4911,1.8149682,0.038653035,0.29354098,0.003134283,0.7142522,3.1373043,0.1259609,0.7339735,5.721441,1.6322424,7
-41551.875,2.2749689,0.2207711,0.31395662,0.002727691,0.39327094,12.958713,0.17927407,0.3496193,4.1991982,0.5256257,8
-15783.929,1.7689791,0.33631757,0.12209254,0.002483604,0.8458285,3.3484678,0.09349156,0.11212274,9.753829,0.17817917,9
-17024.312,1.6554267,0.22611107,0.052646037,0.002643757,0.37923926,12.087574,0.09021163,0.17461081,3.5115273,0.41368583,0
-46464.168,2.1663852,0.17365688,0.3053534,0.003183572,0.8021418,13.065391,0.2039071,0.8972004,8.873635,1.8387533,1
-813.6497,2.2604835,0.269689,0.21639556,0.002561554,0.39354807,14.793009,0.09008206,0.4616103,1.8543471,1.6494179,2
-569.6881,2.3018124,0.48123628,0.18031375,0.002987114,0.966217,10.98772,0.18925747,0.5518875,8.440394,1.8016741,3
-14165.21,2.467402,0.36009446,0.36614034,0.002667221,0.62265676,0.2726302,0.2990643,0.76562136,3.5432968,1.3155416,4
-9594.59,1.5785563,0.1734292,0.11195049,0.002723136,0.19768853,10.258319,0.18036139,0.5050663,4.9037585,0.62476677,5
-667.9414,1.5221843,0.13094586,0.12009509,0.002788232,0.6267573,12.008966,0.15679045,0.23790847,8.54745,0.11710288,6
-17958.861,1.775131,0.038653035,0.3651069,0.003171437,0.7142522,1.1264187,0.13022259,0.17010315,4.383063,0.17345437,7
-11439.058,2.4085793,0.2207711,0.37871003,0.003082471,0.39327094,11.117783,0.18825155,0.3570267,7.4899263,0.37933347,8
-1203.4696,2.0701652,0.33631757,0.08357494,0.002639975,0.8458285,2.8386962,0.08804163,0.18639793,9.078663,0.17965078,9
-1746.3811,1.8628098,0.22611107,0.115734935,0.002518882,0.37923926,12.087574,0.11073867,0.28038794,3.5115273,1.6420166,0
-7393.195,2.3571548,0.17365688,0.38251266,0.002967267,0.8021418,13.065391,0.18326944,0.70522815,8.873635,1.9502567,1
-26163.37,2.2604835,0.269689,0.21639556,0.002561554,0.39354807,14.793009,0.09008206,0.7304976,1.8543471,1.7365639,2
-1439.6814,2.3018124,0.48123628,0.18031375,0.002987114,0.966217,10.98772,0.18925747,0.59620845,8.440394,1.417675,3
-1223.6096,2.1342332,0.36009446,0.2778687,0.002637402,0.62265676,0.2726302,0.27370596,0.3911501,3.5432968,1.8327185,4
-10753.598,1.5446478,0.1734292,0.11619718,0.002873863,0.19768853,10.258319,0.07261564,0.38926145,4.9037585,0.45593253,5
-3633.5303,1.5221843,0.13094586,0.12009509,0.002788232,0.6267573,12.008966,0.15679045,0.26510665,8.54745,0.88935006,6
-39742.625,1.9150308,0.038653035,0.20782211,0.002951771,0.7142522,1.1264187,0.091085985,0.48458993,4.383063,1.7517234,7
-5800.9463,2.4500055,0.2207711,0.3033056,0.002681943,0.39327094,11.117783,0.14743951,0.8078604,7.4899263,0.60347825,8
-2547.8325,2.1620362,0.33631757,0.09913716,0.002445828,0.8458285,2.8386962,0.058834504,0.81097406,9.078663,2.0,9
-2071.26,2.105798,0.18399268,0.20104893,0.002880841,0.48739257,14.78529,0.10319141,0.30816457,3.6691172,1.1200317,0
-4149.1343,2.234621,0.22844379,0.36237344,0.002799425,0.9112735,14.284998,0.19174744,0.8735638,7.29053,1.6434238,1
-10212.219,2.4228919,0.21249895,0.18264416,0.002527494,0.6924976,12.537517,0.07986882,0.11274212,3.8712206,1.0575582,2
-897.91736,2.4890568,0.41071683,0.22551285,0.003034126,0.7429812,5.725659,0.198564,0.37584236,8.142308,1.578684,3
-17893.28,2.4934628,0.45544496,0.3375863,0.002730105,0.8904163,0.8009448,0.26081705,0.74560946,6.7815347,1.2776586,4
-4749.482,1.8704897,0.4261779,0.124057785,0.002515236,0.11019074,6.5190287,0.071572185,0.80940014,2.2046218,1.9038591,5
-485513.3,1.6608363,0.15506804,0.15364322,0.002527877,0.56463766,13.47509,0.05574022,0.34099475,6.961004,0.45990777,6
-16704.314,2.0809543,0.0655238,0.20759423,0.002763751,0.8130971,2.185901,0.11095209,0.20542695,3.681144,0.15109754,7
-674.6905,2.318524,0.3327169,0.16765106,0.00257151,0.47682038,14.392314,0.10072661,0.1261635,9.41585,0.19427118,8
-2832.5105,2.3461564,0.4563096,0.16202523,0.002634668,0.8243546,1.3897611,0.13168494,0.5665532,9.900013,1.0147146,9
-6085.134,2.0928433,0.27870354,0.115734935,0.002496268,0.37923926,12.087574,0.11073867,0.44032678,3.5115273,0.41368583,0
-3097.127,2.0874496,0.096225455,0.38251266,0.00319554,0.8021418,13.065391,0.18326944,0.79125386,8.873635,1.8387533,1
-8962.295,2.3046675,0.49039102,0.21639556,0.003028872,0.39354807,14.793009,0.09008206,0.8712194,1.8543471,1.6494179,2
-3381.5117,1.9117378,0.463275,0.18031375,0.00283795,0.966217,10.98772,0.18925747,0.568281,8.440394,1.8016741,3
-556.4529,2.3116443,0.2086569,0.2778687,0.003114804,0.62265676,0.2726302,0.27370596,0.3309982,3.5432968,1.3155416,4
-508746.9,1.8371881,0.010741371,0.11619718,0.002623546,0.19768853,10.258319,0.07261564,0.36298698,4.9037585,0.62476677,5
-15083.618,1.5609032,0.18149771,0.12009509,0.002690444,0.6267573,12.008966,0.15679045,0.20920613,8.54745,0.11710288,6
-1124.7964,1.8637065,0.01770762,0.20782211,0.002954081,0.7142522,1.1264187,0.091085985,0.47729746,4.383063,0.17345437,7
-3585.8298,1.9780647,0.29593298,0.16765106,0.002542415,0.47682038,14.392314,0.10072661,0.2973392,9.41585,0.19427118,8
-667.10583,2.2895074,0.40092525,0.09913716,0.002574495,0.8458285,2.8386962,0.058834504,0.32271773,9.078663,0.17965078,9
-20560.346,1.8628098,0.22611107,0.115734935,0.002504455,0.2262961,10.304347,0.078592226,0.17461081,1.9477812,0.71790045,0
-34954.14,2.3571548,0.17365688,0.38251266,0.00318814,0.66645354,13.991018,0.20557049,0.8972004,6.7142334,1.2090925,1
-72829.89,2.2604835,0.269689,0.21639556,0.002612378,0.24166851,9.196697,0.0684063,0.4616103,2.0679474,1.8712571,2
-6371.712,2.3018124,0.48123628,0.18031375,0.00276652,0.19122991,0.00309,0.12061654,0.5518875,5.2273192,1.2196403,3
-1386.9003,2.3116443,0.2086569,0.2778687,0.003105787,0.56497544,5.381715,0.26698226,0.3309982,2.1542306,1.0806655,4
-848.1414,1.5446478,0.1734292,0.11619718,0.002887745,0.42199293,1.9139208,0.23984173,0.5050663,4.9349585,1.5547824,5
-2638.1062,1.5221843,0.13094586,0.12009509,0.00231855,0.20581485,11.0947895,0.083999485,0.23790847,2.676506,1.377616,6
-7534.155,1.9150308,0.038653035,0.20782211,0.002720913,0.39324188,1.858517,0.05041423,0.17010315,4.274769,0.20719053,7
-3318.3022,2.318524,0.3327169,0.16765106,0.002504006,0.12929842,8.932853,0.08775548,0.1261635,9.762066,0.5263059,8
-1521.2998,2.2895074,0.40092525,0.09913716,0.00305043,0.28996953,3.7827249,0.20890543,0.32271773,7.859942,0.102,9
-1611.8971,1.8628098,0.22611107,0.115734935,0.002859345,0.4846715,12.087574,0.11073867,0.35224622,2.9366171,0.41368583,0
-2413.8865,2.3571548,0.17365688,0.38251266,0.003191455,0.8617756,13.065391,0.18326944,0.28674486,7.1455894,1.8387533,1
-1413.3071,2.2604835,0.269689,0.21639556,0.00276346,0.50632584,14.793009,0.09008206,0.45201284,2.4950225,1.6494179,2
-643.6847,2.3018124,0.48123628,0.18031375,0.002622702,0.631494,10.98772,0.18925747,0.3485971,8.9753475,1.8016741,3
-595.5749,2.3116443,0.2086569,0.2778687,0.002429558,0.61589575,0.2726302,0.27370596,0.24341364,4.006105,1.3155416,4
-849.41583,1.5446478,0.1734292,0.11619718,0.002952432,0.5351975,1.9139208,0.23984173,0.27579007,1.7542595,1.5547824,5
-646.91724,1.5221843,0.13094586,0.12009509,0.002814205,0.78095996,12.008966,0.15679045,0.32368377,8.116903,0.11710288,6
-952.224,1.9150308,0.038653035,0.20782211,0.003090145,0.9382182,1.1264187,0.091085985,0.20502019,7.2916956,0.17345437,7
-763.29767,2.318524,0.3327169,0.16765106,0.002641778,0.39976212,14.392314,0.10072661,0.25555098,9.921631,0.19427118,8
-664.7759,2.2895074,0.40092525,0.09913716,0.002533226,0.773107,2.8386962,0.058834504,0.1487884,8.642723,0.17965078,9
-1561.7974,1.8628098,0.22611107,0.115734935,0.002518882,0.65109116,12.087574,0.11073867,0.17461081,6.7260017,0.41368583,0
-3745.576,2.3571548,0.17365688,0.38251266,0.003191455,0.46826702,13.065391,0.18326944,0.28674486,9.492269,1.8387533,1
-2861.6316,2.2604835,0.269689,0.21639556,0.002561554,0.20016599,14.793009,0.09008206,0.4616103,6.7416973,1.6494179,2
-612.3219,2.3018124,0.48123628,0.18031375,0.002987114,0.9035675,10.98772,0.18925747,0.5518875,9.911908,1.8016741,3
-1317.46,2.3116443,0.2086569,0.2778687,0.003114804,0.2623754,0.2726302,0.27370596,0.3309982,1.6500998,1.3155416,4
-843.8469,1.5446478,0.1734292,0.11619718,0.002952432,0.4991461,1.9139208,0.23984173,0.27579007,1.61385,1.5547824,5
-671.80646,1.5221843,0.13094586,0.12009509,0.002814205,0.4316479,12.008966,0.15679045,0.32368377,4.956951,0.11710288,6
-982.5711,1.9150308,0.038653035,0.20782211,0.003090145,0.3181252,1.1264187,0.091085985,0.20502019,8.464732,0.17345437,7
-686.7365,2.318524,0.3327169,0.16765106,0.00257151,0.26815942,14.392314,0.10072661,0.1261635,9.460299,0.19427118,8
-657.36176,2.2895074,0.40092525,0.09913716,0.002533226,0.93441224,2.8386962,0.058834504,0.1487884,2.0013094,0.17965078,9
-7993.3984,1.6815889,0.22611107,0.16251631,0.002312334,0.3282268,11.423928,0.11073867,0.19780591,3.5115273,0.8582122,0
-3622.4517,2.4939268,0.17365688,0.34991905,0.003043686,0.8884937,7.647921,0.18326944,0.22838281,7.1455894,1.9771559,1
-720.73755,2.2506087,0.269689,0.12839249,0.002434562,0.7684961,3.8994753,0.09008206,0.6828339,1.8543471,1.8662438,2
-22169.777,2.4175916,0.48123628,0.2825857,0.003045162,0.91651183,11.981555,0.18925747,0.60420907,8.440394,1.0621789,3
-1552.8715,1.7833335,0.2086569,0.2390196,0.003091145,0.32868636,5.4597225,0.27370596,0.15079367,3.5432968,1.1740607,4
-2669.6572,1.7580531,0.1734292,0.23660223,0.003129611,0.5275042,0.8514676,0.23984173,0.40286353,1.61385,1.0999863,5
-1038.36,1.9250216,0.13094586,0.21556501,0.002865742,0.7955372,14.6679945,0.15679045,0.62984556,8.116903,1.3129225,6
-3406.9834,2.2987309,0.038653035,0.38088265,0.002888488,0.8260814,0.4198007,0.091085985,0.26484707,7.2916956,1.4457693,7
-1241.9762,1.7724687,0.3327169,0.23641567,0.002306728,0.42533785,3.844065,0.10072661,0.21676949,9.41585,1.3167996,8
-7948.8926,2.1606164,0.40092525,0.21117379,0.002389803,0.850647,13.956449,0.058834504,0.26076958,2.0013094,1.0254239,9
-10826.681,1.614329,0.15066436,0.0816428,0.002463662,0.42212626,6.186897,0.05800709,0.12751521,3.5921266,0.75226796,0
-28612.05,2.4536183,0.12324605,0.37293124,0.003058787,0.9482567,7.17407,0.14992449,0.2178236,6.7065244,1.8716552,1
-7295.46,2.254413,0.49472368,0.19215411,0.00234607,0.7247145,5.0429416,0.18833548,0.76974833,7.2880516,0.5137755,2
-606.1603,2.1647294,0.4967227,0.18621214,0.002897346,0.9934243,10.964961,0.1792007,0.57778126,9.818423,1.9858545,3
-2369.027,2.4616277,0.37229872,0.23459443,0.002946863,0.51639897,2.5803668,0.29266298,0.29159972,2.8216634,1.8775712,4
-3067.118,1.5989946,0.117264256,0.1370809,0.002948284,0.55719304,5.5881367,0.20952769,0.27736145,1.2021016,1.8359804,5
-2325.6582,1.5856478,0.049787257,0.115635805,0.002809121,0.6442388,9.291292,0.17270496,0.20439747,7.7432575,0.26114225,6
-6067.0127,1.6113935,0.066005714,0.1848736,0.003039085,0.9520738,0.4897723,0.17461634,0.12922683,6.675444,0.19122043,7
-8564.492,1.8231217,0.23391357,0.20016293,0.002706744,0.90125763,7.9963775,0.08476147,0.35929698,3.4900043,1.4002485,8
-3513.1543,2.4273446,0.42175707,0.11557675,0.002453476,0.6090769,0.6484953,0.11472218,0.15949504,2.6302483,0.49442014,9
-15447.108,1.7391555,0.15283695,0.05662588,0.002399462,0.1765105,6.809409,0.0817801,0.20039375,2.0181868,0.3553258,0
-38410.695,2.1517954,0.2445101,0.34076795,0.003084492,0.83829963,9.213316,0.22606242,0.27096936,7.6488214,1.8192768,1
-6960.905,2.4726617,0.34212074,0.22484495,0.002493802,0.7258372,10.196435,0.14102927,0.7256698,1.7812395,1.319816,2
-9464.46,1.8874822,0.3353165,0.11868587,0.003065473,0.9344479,9.946837,0.19150074,0.5895862,9.232095,1.1384906,3
-2180.5127,2.284658,0.049882576,0.28844866,0.002994991,0.5714759,0.3894405,0.18213953,0.16793023,3.8327765,0.18926322,4
-626.3459,2.0599642,0.001680138,0.3329909,0.002402142,0.733637,0.093482636,0.26786193,0.39631185,5.9713144,1.5845106,5
-13643.622,1.525297,0.13618967,0.078266814,0.002686831,0.6244861,8.80322,0.14796391,0.18260859,7.4065356,1.1987985,6
-2797.9673,1.9725741,0.015442915,0.33135435,0.00289296,0.98828316,6.3315425,0.13989595,0.22429243,9.9157505,0.15743561,7
-7654.218,2.4166644,0.4094474,0.19156425,0.002430778,0.31634122,11.76363,0.120165065,0.1363799,8.664621,0.19465101,8
-2550.0012,2.289763,0.4206803,0.18461986,0.002622507,0.9853574,1.9652745,0.07730713,0.17972471,3.101313,0.16001306,9
-1627.6458,1.5057169,0.08282075,0.12729642,0.002664083,0.29268137,12.841316,0.15954873,0.2758499,7.0183105,0.37898612,0
-4678.4165,2.3225286,0.12913936,0.32017812,0.002901184,0.9796132,4.628892,0.21820682,0.30174553,6.8534617,1.7693458,1
-615.97516,1.9942894,0.12265848,0.20896596,0.00278405,0.8533202,6.588698,0.15781997,0.8018402,3.1583238,1.5244993,2
-2264.5178,2.4349554,0.4573976,0.2237278,0.002616324,0.7309087,11.017791,0.24067672,0.7192756,6.5313296,1.2136306,3
-1533.0968,2.3959105,0.2661947,0.19015534,0.00254242,0.24086978,12.989906,0.28060377,0.47981352,3.7586672,0.37860703,4
-23035.932,1.8837857,0.090521105,0.30859995,0.002581212,0.81190443,9.808534,0.29920635,0.44426808,3.7702549,1.365196,5
-161214.03,1.558894,0.359977,0.17817503,0.002601767,0.91065806,13.31985,0.064726174,0.44546524,6.684682,0.37857625,6
-3915.817,1.505398,0.15079954,0.17628561,0.002971529,0.841597,1.7014987,0.07501387,0.10669561,7.1035776,0.8980167,7
-39712.3,2.1245072,0.11326652,0.18365136,0.002632159,0.46117806,9.509478,0.051390056,0.26502663,8.810423,0.79341584,8
-18378.705,2.1580782,0.34192905,0.056265596,0.002713089,0.9682337,4.0510793,0.10885795,0.1871096,4.0223217,1.0581785,9
-9880.626,2.2037516,0.29505226,0.17116131,0.002465512,0.35662797,12.769344,0.05967943,0.121911496,5.471447,0.6434532,0
-764.64496,2.202229,0.20665401,0.13153297,0.002865708,0.9410998,0.00309,0.16928367,0.53868663,9.598958,1.9961591,1
-702.0138,1.7263973,0.01767112,0.21085806,0.002969306,0.6639164,13.250089,0.13741624,0.7073438,3.8605,1.1337092,2
-523.5038,2.2983108,0.40966776,0.23488837,0.003143819,0.95145893,3.5840333,0.27454692,0.6610933,5.568819,1.6549803,3
-1505.3488,1.9122897,0.30830228,0.39556384,0.0023,0.9101495,4.524224,0.14074908,0.5342923,4.559055,1.2712898,4
-8098.1704,2.0603747,0.028839013,0.26968595,0.002358607,0.7756178,5.8230205,0.19364735,0.21720053,5.842565,0.58292866,5
-2289.8674,1.6462656,0.104094066,0.06236587,0.002387059,0.54907936,9.023663,0.17218739,0.116738155,7.785864,0.5948555,6
-3120.0547,2.1796536,0.1992532,0.18201762,0.003105503,0.932411,3.0109723,0.06014816,0.42309192,6.415922,0.78145695,7
-3490.1953,2.419957,0.46505287,0.06615749,0.003088064,0.785293,6.416508,0.2471076,0.30902302,9.217987,1.4919804,8
-12875.103,2.107316,0.1814271,0.2225562,0.00264759,0.8787159,0.78688484,0.124875784,0.19226849,1.95749,0.53641444,9
-7916.964,1.7973386,0.22490942,0.115734935,0.002373485,0.54877,11.948635,0.055844706,0.29676569,7.020173,0.7834933,0
-1297.757,2.4547184,0.34840217,0.13153297,0.002865698,0.84738636,3.4149203,0.17533806,0.8177097,9.201162,1.935336,1
-38327.1,2.2336636,0.24165882,0.20896596,0.002713384,0.55410284,10.7932415,0.21346137,0.89418036,3.4861357,1.842245,2
-6046.2637,2.4737058,0.4577161,0.23488837,0.00299447,0.73821545,3.6324298,0.25045484,0.576126,2.931165,1.8097322,3
-15486.8955,2.2380419,0.098897696,0.2778687,0.002856633,0.51627123,0.32233092,0.26705155,0.24655487,1.34323,1.0853131,4
-1469.3364,1.992256,0.051022295,0.3329909,0.002396794,0.6055496,3.4712563,0.26005167,0.19027755,6.724991,0.82275707,5
-4027.5366,1.7798133,0.041231867,0.12009509,0.002417022,0.9704223,7.6747465,0.074109174,0.616106,5.1202984,1.9801935,6
-2797.2056,1.741245,0.011766322,0.20782211,0.003156143,0.8290039,1.0817438,0.11717951,0.28979066,9.645332,0.1920902,7
-17455.645,1.6438705,0.39072752,0.16765106,0.002459637,0.6536816,8.340461,0.26541004,0.4178164,1.0,1.6440762,8
-16364.363,2.367802,0.4719402,0.09913716,0.002808291,0.9451802,2.783454,0.09302398,0.22445498,3.9424405,0.38786924,9
-2257.8232,1.9263997,0.057172067,0.115734935,0.002325894,0.37923926,8.28279,0.15771806,0.17461081,3.5115273,0.41368583,0
-664.36444,2.1816661,0.39651537,0.13153297,0.00230526,0.9410998,2.5017242,0.1388033,0.53868663,9.598958,1.9961591,1
-29447.297,1.9309283,0.105688356,0.20896596,0.003161485,0.8533202,13.663786,0.079376854,0.8018402,3.1583238,1.5244993,2
-4165.315,1.8586433,0.23240016,0.23488837,0.003132474,0.95145893,12.688374,0.27615994,0.6610933,5.568819,1.6549803,3
-1299.8649,1.9685326,0.27946037,0.2778687,0.003177257,0.62265676,10.942224,0.2860641,0.3309982,3.5432968,1.3155416,4
-40014.992,1.9182732,0.003904884,0.3329909,0.002403701,0.733637,3.0226836,0.2734511,0.39631185,5.9713144,1.5845106,5
-1704.9742,1.6402979,0.03881109,0.12009509,0.00288779,0.78095996,5.045984,0.20129827,0.32368377,8.116903,0.11710288,6
-13882.342,1.9515908,0.25013182,0.20782211,0.002895149,0.9382182,4.4992743,0.07270847,0.20502019,7.2916956,0.17345437,7
-951.58417,2.4638674,0.22757548,0.16765106,0.002445401,0.47682038,10.146865,0.18303436,0.1261635,9.41585,0.19427118,8
-1633.7064,2.1480038,0.47588548,0.09913716,0.002402303,0.93441224,8.344635,0.10090169,0.1487884,2.0013094,0.17965078,9
-1493.1034,1.8628098,0.22611107,0.12477337,0.002518882,0.7590682,12.087574,0.11073867,0.25299436,3.5115273,0.41368583,0
-861.7487,2.1816661,0.39651537,0.12078187,0.00230526,0.96885175,2.5017242,0.1388033,0.84133464,9.598958,1.9961591,1
-1427.5834,1.9942894,0.12265848,0.120836295,0.00278405,0.912255,6.588698,0.15781997,0.7166201,3.1583238,1.5244993,2
-35603.176,2.2983108,0.40966776,0.23945165,0.003143819,0.6508008,3.5840333,0.27454692,0.8059094,5.568819,1.6549803,3
-34484.89,2.3116443,0.2086569,0.32436144,0.003114804,0.5384094,0.2726302,0.27370596,0.5120522,3.5432968,1.3155416,4
-8585.35,2.0599642,0.001680138,0.2951868,0.002402142,0.78788304,0.093482636,0.26786193,0.7924479,5.9713144,1.5845106,5
-726.4173,1.5221843,0.13094586,0.19970831,0.002814205,0.3540808,12.008966,0.15679045,0.42754492,8.116903,0.11710288,6
-947.12775,1.9150308,0.038653035,0.20328856,0.003090145,0.5860851,1.1264187,0.091085985,0.14384753,7.2916956,0.17345437,7
-1187.1149,2.318524,0.3327169,0.07796286,0.00257151,0.8687497,14.392314,0.10072661,0.15080361,9.41585,0.19427118,8
-732.4692,2.2895074,0.40092525,0.090200804,0.002533226,0.6329738,2.8386962,0.058834504,0.82123923,2.0013094,0.17965078,9
-2011.1472,1.8628098,0.22611107,0.13401268,0.002518882,0.7590682,12.087574,0.11073867,0.25299436,3.5115273,0.41368583,0
-3618.7327,2.1816661,0.39651537,0.38091555,0.00230526,0.9410998,2.5017242,0.1388033,0.53868663,9.598958,1.9961591,1
-69708.445,1.9942894,0.12265848,0.2891739,0.00278405,0.8533202,6.588698,0.15781997,0.8018402,3.1583238,1.5244993,2
-22714.723,2.2983108,0.40966776,0.18500808,0.003143819,0.95145893,3.5840333,0.27454692,0.6610933,5.568819,1.6549803,3
-2185.8853,2.3116443,0.2086569,0.15768073,0.003114804,0.62265676,0.2726302,0.27370596,0.3309982,3.5432968,1.3155416,4
-8651.338,2.0599642,0.001680138,0.13549261,0.002402142,0.733637,0.093482636,0.26786193,0.39631185,5.9713144,1.5845106,5
-3168.7585,1.5221843,0.13094586,0.21848956,0.002814205,0.78095996,12.008966,0.15679045,0.32368377,8.116903,0.11710288,6
-1066.999,1.9150308,0.038653035,0.088506125,0.003090145,0.5860851,1.1264187,0.091085985,0.14384753,7.2916956,0.17345437,7
-1254.1427,2.318524,0.3327169,0.30080077,0.00257151,0.47682038,14.392314,0.10072661,0.1261635,9.41585,0.19427118,8
-7593.2207,2.2895074,0.40092525,0.21949744,0.002533226,0.93441224,2.8386962,0.058834504,0.1487884,2.0013094,0.17965078,9
-4554.9087,1.8628098,0.33841208,0.050678477,0.002518882,0.7590682,13.600762,0.11073867,0.25299436,7.439486,0.3286022,0
-1221.8602,2.1816661,0.41994447,0.23751995,0.00230526,0.9410998,9.678478,0.1388033,0.53868663,7.772979,1.4053233,1
-15291.507,1.9942894,0.18266363,0.120680496,0.00278405,0.8533202,12.163811,0.15781997,0.8018402,8.694614,1.7023678,2
-1838.235,2.2983108,0.47477055,0.1154722,0.003143819,0.95145893,12.910689,0.27454692,0.6610933,8.339085,0.45270714,3
-73965.26,2.3116443,0.19980216,0.3588702,0.003114804,0.62265676,12.163502,0.27370596,0.3309982,1.0735286,1.8156598,4
-6378.229,2.0599642,0.14142925,0.25004703,0.002402142,0.733637,6.517616,0.26786193,0.39631185,4.2814555,0.604097,5
-3686.2249,1.5221843,0.12580009,0.119168416,0.002814205,0.78095996,9.584583,0.15679045,0.32368377,5.9579253,1.0670961,6
-2169.5945,1.9150308,0.05624824,0.22868869,0.003090145,0.5860851,7.2182336,0.091085985,0.14384753,3.4256575,0.3217946,7
-14908.227,2.318524,0.30780408,0.05906541,0.00257151,0.47682038,8.39232,0.10072661,0.1261635,3.6922622,1.289797,8
-2146.5754,2.2895074,0.2530834,0.05169884,0.002533226,0.93441224,9.716381,0.058834504,0.1487884,1.4908614,1.5465487,9
-15697.334,1.6511683,0.00165085,0.12477337,0.002839638,0.7590682,12.087574,0.14882015,0.25299436,2.0899599,0.14248952,0
-11190.451,1.7707839,0.1279007,0.13153297,0.003159741,0.9410998,2.5017242,0.086851835,0.53868663,4.955809,0.89646965,1
-3251.3972,2.267818,0.34711903,0.20896596,0.002857085,0.8533202,6.588698,0.16400643,0.8018402,1.2975268,1.2393423,2
-677.09204,2.319253,0.36720595,0.23488837,0.003173493,0.95145893,3.5840333,0.29474318,0.6610933,9.759567,1.6649343,3
-37779.816,2.0562952,0.010533915,0.2778687,0.002951726,0.62265676,0.2726302,0.2664259,0.3309982,1.9679575,1.3026658,4
-1605.0195,2.2237206,0.00922587,0.3329909,0.002571791,0.733637,0.093482636,0.20787841,0.39631185,9.715289,1.077628,5
-3820.1958,1.6013428,0.31812844,0.12009509,0.002611612,0.78095996,12.008966,0.07216452,0.32368377,5.952337,0.7766892,6
-2680.4639,1.5818607,0.059122656,0.20328856,0.003074038,0.5860851,1.1264187,0.0793288,0.14384753,2.5457134,0.90407133,7
-7779.3345,2.4698646,0.47924852,0.16765106,0.002408493,0.47682038,14.392314,0.073478,0.1261635,8.6802,0.9178642,8
-863.75494,2.035556,0.1923959,0.09913716,0.002878537,0.93441224,2.8386962,0.052363105,0.1487884,1.5415707,0.16653883,9
-1489.8531,1.8628098,0.22611107,0.12477337,0.002810168,0.9872538,12.087574,0.11073867,0.25299436,3.5115273,0.41368583,0
-1201.0999,2.1816661,0.39651537,0.13153297,0.0030623,0.5603151,2.5017242,0.1388033,0.53868663,9.598958,1.9961591,1
-611.593,1.9942894,0.12265848,0.20896596,0.002685106,0.57085764,6.588698,0.15781997,0.8018402,3.1583238,1.5244993,2
-522.19653,2.2983108,0.40966776,0.23488837,0.002692484,0.9477006,3.5840333,0.27454692,0.6610933,5.568819,1.6549803,3
-5278.1523,2.3116443,0.2086569,0.2778687,0.002842844,0.3251819,0.2726302,0.27370596,0.3309982,3.5432968,1.3155416,4
-661.749,2.0599642,0.001680138,0.3329909,0.002836474,0.67837375,0.093482636,0.26786193,0.39631185,5.9713144,1.5845106,5
-639.711,1.5221843,0.13094586,0.12009509,0.002692019,0.87960666,12.008966,0.15679045,0.32368377,8.116903,0.11710288,6
-910.1959,1.9150308,0.038653035,0.20328856,0.002791156,0.7554062,1.1264187,0.091085985,0.14384753,7.2916956,0.17345437,7
-695.1914,2.318524,0.3327169,0.16765106,0.002604968,0.55680794,14.392314,0.10072661,0.1261635,9.41585,0.19427118,8
-695.87634,2.2895074,0.40092525,0.09913716,0.002645935,0.7107845,2.8386962,0.058834504,0.1487884,2.0013094,0.17965078,9
-8062.589,1.9303582,0.14105442,0.24191134,0.003013666,0.9430409,9.813479,0.26276377,0.22305654,3.6133897,0.67736053,0
-3543.4736,2.4212317,0.4666626,0.120697096,0.002379414,0.971723,2.1270475,0.09165621,0.4492343,6.292511,1.9689862,1
-56377.45,2.2060997,0.14804825,0.24873255,0.002547411,0.62332755,4.112458,0.16755015,0.8060292,1.2745175,1.521597,2
-15955.007,2.382282,0.24743776,0.35771,0.002652387,0.77183706,0.47258863,0.24482863,0.8480035,5.1779656,1.2763292,3
-834.63,2.1154406,0.2372698,0.20921862,0.002862481,0.7531142,15.0,0.0502,0.20855433,8.052185,0.102,4
-15820.19,2.4727676,0.091102324,0.37952188,0.002452853,0.6230467,8.039728,0.2934614,0.36018306,3.6669118,1.9592868,5
-2253.9827,1.542906,0.123956054,0.06636432,0.00248957,0.876073,11.483848,0.080730855,0.26334503,9.693598,0.29147658,6
-2610.838,1.990396,0.001734256,0.2223203,0.002917726,0.500262,7.0961304,0.07049732,0.25972885,7.198738,1.0811013,7
-1355.6382,2.441338,0.2943564,0.07880384,0.002872947,0.7019879,11.899042,0.1072246,0.41644666,8.994188,0.266688,8
-25938.955,2.0089486,0.10770268,0.05664541,0.002631886,0.5747722,0.954611,0.1694999,0.8411906,1.5505987,1.0724214,9
-1854.72,1.9212314,0.2336778,0.1824822,0.003002422,0.9908475,12.659456,0.17980088,0.3178609,1.437969,0.2180511,0
-37549.715,2.4003403,0.34387913,0.25002113,0.002372398,0.9111514,6.4192095,0.23910972,0.86996585,7.4772606,0.7478391,1
-4597.4487,2.0355153,0.07569219,0.29510576,0.002797072,0.5114736,1.9665976,0.18795069,0.72117025,1.0831518,1.8512921,2
-1023.0918,1.7196419,0.30123383,0.12795097,0.002543522,0.4296327,7.090701,0.11752136,0.89669657,9.508287,1.6643088,3
-1197.5608,2.4412434,0.40468726,0.22102569,0.003118149,0.73956436,2.1495612,0.27716774,0.48223194,3.341844,1.3565387,4
-2409.7742,2.0676115,0.1004285,0.35623038,0.002618596,0.5762145,1.5263739,0.26738098,0.23265721,4.7981896,1.3968076,5
-4614.9995,1.6471387,0.32631505,0.093930975,0.002757856,0.984863,13.371263,0.06220701,0.19431622,5.8205285,0.87422687,6
-17777.842,1.639253,0.03075203,0.13378717,0.002777844,0.6328335,9.716356,0.06321062,0.2655992,9.909427,0.40967506,7
-1470.4338,2.1445248,0.19112277,0.1525182,0.002573948,0.26387727,13.919982,0.067474894,0.19743374,8.206577,0.12123769,8
-1052.2535,2.1075017,0.4575431,0.101216696,0.00248165,0.921278,7.84366,0.09326047,0.29556656,2.5994427,0.25227845,9
-2340.7773,1.8628098,0.22611107,0.08038201,0.003037298,0.9872538,12.087574,0.11073867,0.25299436,4.6701,0.41368583,0
-522.33905,2.1816661,0.39651537,0.1436515,0.002599224,0.9410998,2.5017242,0.1388033,0.53868663,1.8872366,1.9961591,1
-2272.3694,1.9942894,0.12265848,0.15668869,0.002731853,0.57085764,6.588698,0.15781997,0.8018402,5.4447603,1.5244993,2
-1755.5898,2.2983108,0.40966776,0.15548049,0.002718905,0.9477006,3.5840333,0.27454692,0.6610933,9.9815645,1.6549803,3
-2246.9614,2.3116443,0.2086569,0.070237964,0.003028493,0.62265676,0.2726302,0.27370596,0.3309982,8.497529,1.3155416,4
-321181.38,2.0599642,0.001680138,0.36456993,0.002969265,0.733637,0.093482636,0.26786193,0.39631185,1.9013529,1.5845106,5
-1549.8596,1.5221843,0.13094586,0.1855253,0.002549248,0.87960666,12.008966,0.15679045,0.32368377,8.797186,0.11710288,6
-133541.53,1.9150308,0.038653035,0.38028046,0.002983295,0.7554062,1.1264187,0.091085985,0.14384753,6.2659144,0.17345437,7
-1561.0477,2.318524,0.3327169,0.06306446,0.002697872,0.47682038,14.392314,0.10072661,0.1261635,7.2968354,0.19427118,8
-524.7962,2.2895074,0.40092525,0.17633459,0.002822351,0.93441224,2.8386962,0.058834504,0.1487884,3.4839766,0.17965078,9
-31406.664,1.59726,0.16261046,0.053154092,0.002585789,0.9025231,9.050259,0.10269595,0.1401716,6.8652115,0.84204876,0
-722.58453,2.449289,0.43320218,0.24193363,0.002651164,0.8984,5.8484325,0.19551988,0.393713,1.2857314,1.6798167,1
-1233.3048,2.2649245,0.44738862,0.053617038,0.002836529,0.33643904,9.249205,0.11704257,0.55184174,6.598913,0.1724309,2
-2003.5381,2.3091536,0.30222973,0.28562656,0.00287861,0.7869694,2.1126983,0.21743925,0.7511378,5.5999937,1.7821568,3
-2049.403,2.1863985,0.20405191,0.33856866,0.002889127,0.42659107,1.932399,0.20166706,0.19802895,7.594255,0.91705906,4
-6729.9526,2.2591076,0.10988115,0.37362847,0.002305149,0.656862,1.0168562,0.24786456,0.78149515,5.1542435,1.4805893,5
-10407.112,1.7027711,0.022682345,0.18640722,0.002381546,0.39572367,7.375635,0.1598817,0.17961976,9.092385,0.14020222,6
-2200.5085,1.7406218,0.007404008,0.16484654,0.002549041,0.72986466,4.757567,0.07484279,0.416747,7.0699816,0.29546136,7
-868.44775,2.3439693,0.23757912,0.21200164,0.002551269,0.3569137,8.81667,0.09095236,0.13959678,8.708614,0.1494155,8
-1232.5702,2.486466,0.4457234,0.17645863,0.00301008,0.8193721,7.1273746,0.109406605,0.16022776,4.528575,0.21099794,9
-6600.9375,1.8628098,0.4151879,0.12477337,0.002810168,0.73351896,9.318762,0.11073867,0.25299436,3.7330964,0.7609135,0
-5041.9087,2.1816661,0.34513867,0.1436515,0.002599224,0.58465,10.627833,0.1388033,0.53868663,6.263567,1.9937934,1
-1443.3186,1.9942894,0.4380785,0.20896596,0.002685106,0.31821853,11.401699,0.15781997,0.8018402,5.1703634,1.5459287,2
-1322.4614,2.2983108,0.3146802,0.23488837,0.002692484,0.5154031,1.9618492,0.27454692,0.6610933,7.320726,1.2589821,3
-895.42285,2.3116443,0.13677229,0.2778687,0.003114804,0.70305544,3.812235,0.27370596,0.3309982,4.1019287,1.2934711,4
-1057.946,2.0599642,0.12904459,0.3329909,0.002402142,0.6339863,0.51577985,0.26786193,0.39631185,3.3728173,1.4885129,5
-15354.137,1.5221843,0.3273996,0.12009509,0.002692019,0.9713569,13.499458,0.15679045,0.32368377,8.055431,0.27886948,6
-27462.816,1.9150308,0.011211904,0.20328856,0.002791156,0.36065334,0.9843749,0.091085985,0.14384753,9.3599205,0.6983888,7
-6298.48,2.318524,0.3337742,0.16765106,0.00257151,0.5991681,11.5110445,0.10072661,0.1261635,8.394923,1.1028467,8
-15303.296,2.2895074,0.49890032,0.17633459,0.002822351,0.8653284,2.97194,0.058834504,0.1487884,3.4482436,0.61867154,9
-2240.3088,1.8628098,0.1248904,0.08654269,0.002810168,0.62820506,12.087574,0.05379847,0.22525865,3.5115273,0.41368583,0
-325862.25,2.1816661,0.24510697,0.31078762,0.002599224,0.8966888,2.5017242,0.22054675,0.89788693,1.8872366,1.9961591,1
-1145.4333,1.9942894,0.059440166,0.3207254,0.002685106,0.7087142,6.588698,0.20527035,0.73284715,3.1583238,1.5244993,2
-2431.541,2.2983108,0.27189597,0.32655412,0.002692484,0.6910237,3.5840333,0.22776783,0.5012322,5.568819,1.6549803,3
-1629.9888,2.3116443,0.30167678,0.25777987,0.003114804,0.29459727,0.2726302,0.26534837,0.16784889,3.5432968,1.3155416,4
-2098.0098,2.0599642,0.08319564,0.29025984,0.002402142,0.92330265,0.093482636,0.28154668,0.4948541,5.9713144,1.5845106,5
-942.10767,1.5221843,0.45944053,0.12606877,0.002692019,0.85857886,12.008966,0.09408725,0.47060817,8.116903,0.11710288,6
-963.1361,1.9150308,0.020102961,0.08550561,0.002791156,0.944944,1.1264187,0.09282663,0.13802247,7.2916956,0.17345437,7
-589.8224,2.318524,0.088052385,0.16250914,0.00257151,0.34176975,14.392314,0.08789744,0.16980335,9.41585,0.19427118,8
-17752.951,2.2895074,0.46040097,0.38242808,0.002822351,0.85909855,2.8386962,0.11014193,0.39251235,3.4839766,0.17965078,9
-4797.647,1.9432725,0.43718192,0.13096018,0.003121506,0.83030874,7.956222,0.18469404,0.41638827,1.2244706,0.87095934,0
-27573.025,2.1596444,0.39410952,0.056384146,0.002560192,0.8059933,9.203198,0.1192443,0.45579976,2.1705356,1.1536969,1
-900.5691,1.9455426,0.1343842,0.21278138,0.002707202,0.7444156,2.2692018,0.16830818,0.8910145,1.3507382,1.7908318,2
-763.17474,2.2307403,0.29334855,0.13129531,0.003031949,0.96257836,4.404832,0.09539185,0.62174875,1.1257874,1.863511,3
-22467.91,2.3346925,0.14871123,0.26336133,0.00315159,0.3769221,6.076073,0.291014,0.49733338,5.499018,1.2059432,4
-2694.7278,1.754018,0.124709226,0.2882767,0.002312102,0.798012,3.6983898,0.22112961,0.36244792,7.4454737,1.2717408,5
-4164.9873,2.1725528,0.3693317,0.11776894,0.002489578,0.7469054,14.604755,0.13781844,0.3909882,5.7853045,0.9680402,6
-7640.635,2.0014732,0.08651828,0.20158173,0.002589269,0.9441798,0.08775727,0.0708209,0.1410151,6.2826962,0.4780172,7
-1522.1423,2.1163886,0.09605504,0.1760934,0.002555539,0.25225425,13.44775,0.103569254,0.1672249,8.509304,0.19127099,8
-7221.1826,2.4304492,0.41864517,0.21915114,0.002765728,0.73534554,5.6434946,0.09597617,0.32355538,3.743901,0.5302322,9
-4916.6797,1.8628098,0.22611107,0.073478416,0.002502795,0.9872538,12.087574,0.11073867,0.42084926,3.5115273,0.41368583,0
-1942.3229,2.1816661,0.39651537,0.15652223,0.002315288,0.9410998,2.5017242,0.1388033,0.63193446,1.8872366,1.9961591,1
-11393.674,1.9942894,0.12265848,0.14281784,0.002712958,0.57085764,6.588698,0.15781997,0.7927432,3.1583238,1.5244993,2
-1580.769,2.2983108,0.40966776,0.29610208,0.002487219,0.9477006,3.5840333,0.27454692,0.5506932,5.568819,1.6549803,3
-686.8577,2.3116443,0.2086569,0.2475532,0.002887781,0.62265676,0.2726302,0.27370596,0.7444708,3.5432968,1.3155416,4
-641.02515,2.0599642,0.001680138,0.34410167,0.002754432,0.733637,0.093482636,0.26786193,0.11162037,5.9713144,1.5845106,5
-3782.5696,1.5221843,0.13094586,0.0759145,0.002315324,0.87960666,12.008966,0.15679045,0.6552354,8.116903,0.11710288,6
-10212.508,1.9150308,0.038653035,0.35238984,0.002388101,0.7554062,1.1264187,0.091085985,0.39684668,7.2916956,0.17345437,7
-1427.5303,2.318524,0.088052385,0.18549779,0.002661815,0.34176975,14.392314,0.08789744,0.16571835,9.41585,0.19427118,8
-591.5749,2.2895074,0.40092525,0.1282298,0.002988765,0.93441224,2.8386962,0.058834504,0.29331982,3.4839766,0.17965078,9
-2373.0303,1.8628098,0.372319,0.12477337,0.00285648,0.5175045,1.2941213,0.11073867,0.25299436,2.5899508,0.41368583,0
-645.9487,2.1816661,0.43879205,0.1436515,0.00275268,0.80551445,2.2520392,0.1388033,0.53868663,2.8770363,1.9961591,1
-1890.2424,1.9942894,0.13228899,0.20896596,0.002463922,0.41232756,4.532415,0.15781997,0.8018402,5.8808594,1.5244993,2
-12685.53,2.2983108,0.39620894,0.23488837,0.002926745,0.6864567,5.0884385,0.27454692,0.6610933,5.5912175,1.6549803,3
-13531.293,2.3116443,0.13987204,0.2778687,0.003032895,0.5477213,0.21875626,0.27370596,0.3309982,6.9141636,1.3155416,4
-665.3762,2.0599642,0.001954851,0.3329909,0.002383539,0.73823184,0.17198844,0.26786193,0.39631185,4.7883716,1.5845106,5
-904.90643,1.5221843,0.007016036,0.12009509,0.002849388,0.9150633,10.90477,0.15679045,0.32368377,9.420992,0.11710288,6
-6677.2554,1.9150308,0.25443825,0.20328856,0.002747399,0.7990116,1.3723166,0.091085985,0.14384753,6.9172325,0.17345437,7
-14940.22,2.318524,0.16104476,0.16250914,0.00261311,0.55438226,4.3178825,0.08789744,0.16980335,8.042302,0.19427118,8
-724.18353,2.2895074,0.4388054,0.17633459,0.002580175,0.65909356,2.1341348,0.058834504,0.1487884,7.991866,0.17965078,9
-15353.807,1.9589405,0.22611107,0.12364635,0.003006367,0.9872538,7.5493464,0.11786895,0.27043498,3.5405602,0.41368583,0
-983.52905,2.0170212,0.39651537,0.13495818,0.002413935,0.9410998,10.695414,0.19757889,0.37585592,2.1719446,1.9961591,1
-1064.5721,1.9034438,0.12265848,0.11982249,0.002900161,0.57085764,7.2388124,0.050252832,0.6422816,3.920025,1.5244993,2
-3663.7783,2.3837907,0.40966776,0.119196236,0.002782131,0.9477006,14.885895,0.19862394,0.60709494,5.4184537,1.6549803,3
-1344.3705,2.0917284,0.2086569,0.21174677,0.003182267,0.62265676,2.3343215,0.1814464,0.3128028,4.8869386,1.3155416,4
-10133.56,2.4544153,0.001680138,0.3390923,0.002478758,0.733637,1.2927893,0.2534106,0.55487585,6.541606,1.5845106,5
-1381.7656,1.5486203,0.13094586,0.06640841,0.002631735,0.87960666,11.302578,0.072392456,0.24702229,5.8659286,0.11710288,6
-842.2559,2.118549,0.038653035,0.18241094,0.00285396,0.7554062,1.2033854,0.07761447,0.47071707,7.486425,0.17345437,7
-1182.9238,2.0150316,0.088052385,0.072891675,0.002389896,0.34176975,7.4238358,0.10709339,0.12483499,9.396768,0.19427118,8
-8459.2,2.3831706,0.40092525,0.25783545,0.002583317,0.93441224,2.1199608,0.17089158,0.3216981,2.6752636,0.17965078,9
-5257.9854,1.5581673,0.03399692,0.097303435,0.002798421,0.57580835,14.657092,0.10597523,0.38435003,1.3082671,0.28129944,0
-599.6159,2.336697,0.46074772,0.15837345,0.002603843,0.84704745,0.97605056,0.20348732,0.45818093,3.2868507,1.9312657,1
-6388.156,2.266269,0.20598637,0.3020411,0.002504555,0.5871139,3.3552332,0.2794818,0.8946805,1.773314,1.4155309,2
-2015.9861,2.296952,0.33292204,0.28825712,0.003020985,0.9557464,6.803336,0.24505647,0.33934042,7.415447,0.21902804,3
-287732.8,2.449956,0.23669614,0.21789713,0.003133383,0.5910527,3.1915922,0.17850736,0.11928417,4.572058,0.5121582,4
-39484.375,1.5164919,0.013556206,0.15969276,0.002738396,0.913093,11.65732,0.18008384,0.7140067,4.2853627,1.5508422,5
-17959.742,1.7901616,0.3396839,0.14395973,0.002746275,0.9362331,7.933115,0.19173598,0.17686023,6.6437073,0.53031576,6
-3641.6855,2.1889222,0.11894626,0.19194262,0.002846452,0.44606984,7.839556,0.050292302,0.27861696,8.0956135,0.98944414,7
-14601.353,2.2328324,0.102298334,0.16589457,0.002563712,0.24578321,13.457974,0.09815201,0.35548493,8.400497,0.19072285,8
-7471.4814,2.4244153,0.45132804,0.08061268,0.002900002,0.72858083,10.626997,0.14149058,0.16476151,5.2928386,0.7911077,9
-1627.3508,2.2025836,0.27004144,0.17407018,0.002934316,0.77288955,12.688008,0.12517954,0.14654045,3.1928635,0.22531152,0
-4717.6694,1.9093416,0.3417042,0.08044229,0.002528147,0.914406,14.246272,0.060635407,0.50104994,4.3595734,1.3297224,1
-20466.018,2.0715902,0.090424865,0.21333608,0.002792216,0.5096507,5.5650496,0.16892391,0.79845047,1.5199866,1.9304988,2
-525.5903,2.312611,0.37726188,0.17931746,0.002503096,0.8475599,5.000471,0.22169471,0.6205475,3.3401299,1.8899828,3
-31732.734,2.1630552,0.04791378,0.29384318,0.003029122,0.43521038,2.1620648,0.2712929,0.6771066,3.3818147,1.9191794,4
-2666.4805,1.8708072,0.0361353,0.31182787,0.002391082,0.79569495,5.330787,0.29147363,0.6320889,5.230289,1.7953702,5
-2687.656,1.5682495,0.12405025,0.10733978,0.002791443,0.6225494,12.480138,0.19333062,0.4091948,7.855478,0.4294486,6
-4407.007,2.2471735,0.066846654,0.26603472,0.002724473,0.37438586,4.276597,0.12364615,0.8237024,7.1113124,1.3136945,7
-11863.059,1.7519946,0.27125147,0.17170846,0.002721155,0.4660093,10.945538,0.24590434,0.13858446,1.0,1.6903667,8
-7454.2764,2.1040173,0.35331345,0.13961965,0.002575341,0.9092208,6.2655554,0.10362125,0.41853103,3.283891,0.2798593,9
-1522.4635,2.0302799,0.35982272,0.09718346,0.002881772,0.9185959,12.896566,0.09007246,0.13381413,4.5202475,0.33844194,0
-734.0517,2.280937,0.251268,0.17836428,0.002779794,0.7161518,3.1433525,0.12593947,0.4952747,2.665883,1.7735691,1
-772.25336,1.8579276,0.2157715,0.14979994,0.002820217,0.5728985,9.566421,0.14218415,0.692313,1.3633374,1.5291522,2
-13677.369,2.1159859,0.37373996,0.26443788,0.002837815,0.8810976,6.6674175,0.24230154,0.5390765,6.377928,1.3754764,3
-1986.9827,2.2297413,0.33010343,0.2609468,0.003125767,0.7415059,1.9210914,0.24938032,0.38640195,3.088778,1.8085773,4
-3725.6538,2.2909732,0.027261019,0.37715593,0.002425425,0.689571,3.322758,0.2816517,0.63670987,6.5624933,1.8240784,5
-2174.9485,1.6834038,0.1772152,0.1596247,0.002924566,0.9079518,8.950421,0.22119881,0.10876479,8.309109,0.20177747,6
-20874.246,2.251683,0.08399577,0.09713029,0.002946973,0.5649618,9.30907,0.11911134,0.34379667,9.38299,0.806358,7
-19113.822,2.3872068,0.15351038,0.20036274,0.002500307,0.21930042,8.301998,0.098025165,0.47232533,7.177071,1.2881529,8
-4736.7163,1.9947667,0.28388435,0.174858,0.002985944,0.9170341,1.5557263,0.06180318,0.17863923,5.046658,0.6947332,9
-788419.1,1.5222061,0.22611107,0.19909003,0.002810168,0.9872538,7.3726444,0.11073867,0.25299436,3.5115273,0.41368583,0
-550.55493,2.0944676,0.39651537,0.116909884,0.002599224,0.9410998,3.9365385,0.1388033,0.53868663,1.8872366,1.9961591,1
-868.1369,2.4098818,0.12265848,0.23048541,0.002685106,0.57085764,2.3604515,0.15781997,0.8018402,3.1583238,1.5244993,2
-1311.684,2.276271,0.40966776,0.14485778,0.002692484,0.9477006,5.852967,0.27454692,0.6610933,5.568819,1.6549803,3
-16828.861,1.8599143,0.2086569,0.18795551,0.003114804,0.62265676,5.1637344,0.27370596,0.3309982,3.5432968,1.3155416,4
-541055.3,1.5010097,0.001680138,0.24829797,0.002402142,0.733637,11.65737,0.26786193,0.39631185,5.9713144,1.5845106,5
-1141.9784,1.7250499,0.13094586,0.21479079,0.002692019,0.87960666,11.048602,0.15679045,0.32368377,8.116903,0.11710288,6
-1395.6675,2.3239799,0.038653035,0.07824397,0.00285396,0.7554062,3.7059858,0.07761447,0.47071707,7.486425,0.17345437,7
-1123.0656,1.9834199,0.088052385,0.077736504,0.00257151,0.34176975,7.817147,0.08789744,0.16980335,9.41585,0.19427118,8
-1531.5856,2.1698294,0.40092525,0.05959878,0.002822351,0.93441224,5.1296897,0.058834504,0.1487884,3.4839766,0.17965078,9
-6756.8335,1.8299055,0.3358379,0.18236661,0.002728398,0.7944096,7.3550606,0.17736925,0.21781208,1.0916685,0.96906364,0
-895.3213,2.1057253,0.33784577,0.13098267,0.002454746,0.9924114,3.1574297,0.14673212,0.77928853,4.190404,1.8906496,1
-791.58655,2.1153357,0.06951174,0.25359434,0.002768057,0.2745796,10.991439,0.2119151,0.62798494,4.410484,1.2761717,2
-5117.333,2.1764638,0.48688352,0.19740878,0.002552474,0.86965436,4.340968,0.1294456,0.6233194,4.8282847,0.5680922,3
-10020.854,2.44412,0.1068803,0.2953241,0.003027828,0.51458913,1.6281571,0.23577988,0.19568492,4.1668797,0.99094415,4
-39892.844,2.223808,0.49100146,0.28311175,0.002487422,0.12393542,0.34583226,0.11566475,0.5212625,8.10516,1.7065531,5
-21842.965,1.5906318,0.17968078,0.052105457,0.002952464,0.910755,11.4582,0.054434378,0.21267223,6.213715,0.8558639,6
-16504.336,1.7897581,0.12014674,0.08629074,0.003011246,0.99565464,4.0013523,0.0969198,0.4335437,5.3270383,0.31392,7
-10768.013,2.2236464,0.08019014,0.2493227,0.002569656,0.030943682,8.94141,0.08899791,0.6577581,4.8959513,1.4669193,8
-3975.4602,2.2792559,0.43250227,0.21672711,0.002888195,0.72021216,2.8426287,0.16179788,0.4232507,1.2342367,0.96374923,9
-11361.187,1.8628098,0.09878143,0.12477337,0.002810168,0.79231995,12.087574,0.061830837,0.25299436,3.3797426,0.41368583,0
-748.21497,2.1816661,0.31502295,0.1436515,0.002599224,0.84402287,2.5017242,0.07633179,0.53868663,1.3511554,1.9961591,1
-674.0838,1.9942894,0.4971138,0.20896596,0.002685106,0.6678273,6.588698,0.12909827,0.8018402,2.8960347,1.5244993,2
-26000.883,2.2983108,0.48134124,0.23488837,0.002692484,0.8538153,3.5840333,0.25675887,0.6610933,2.7745957,1.6549803,3
-872.9572,2.3116443,0.39918748,0.2778687,0.003114804,0.8559317,0.2726302,0.10091241,0.3309982,4.7160134,1.3155416,4
-1541.137,2.0599642,0.29790026,0.3329909,0.002402142,0.86542267,0.093482636,0.2116872,0.39631185,8.51064,1.5845106,5
-931.229,1.5221843,0.02239996,0.12009509,0.002692019,0.62412447,12.008966,0.11159743,0.32368377,6.5011153,0.11710288,6
-6828.571,2.118549,0.14140996,0.18241094,0.00285396,0.63359666,1.2033854,0.13620833,0.47071707,7.001149,0.17345437,7
-752.1801,2.318524,0.1624911,0.16250914,0.00257151,0.30101833,14.392314,0.22856432,0.16980335,7.3757873,0.19427118,8
-15506.785,2.2895074,0.34661558,0.17633459,0.002822351,0.9950733,2.8386962,0.11031331,0.1487884,4.74398,0.17965078,9
-1099.0206,1.5747826,0.22611107,0.08438347,0.002617955,0.5254845,0.00309,0.14075805,0.42698216,8.541651,1.8212434,0
-1378.5553,2.04336,0.39651537,0.3327712,0.002508353,0.37764135,13.794648,0.26369995,0.101,3.0422065,0.102,1
-12046.18,2.2050998,0.12265848,0.21389596,0.00257782,0.62221587,3.428695,0.16143472,0.787963,1.1886564,1.9008323,2
-1620.3334,2.3714383,0.40966776,0.23912129,0.002815365,0.93214816,3.6700017,0.23308752,0.58508366,1.3553717,1.9424541,3
-34518.59,2.387129,0.2086569,0.28799245,0.003110859,0.29055467,7.2258415,0.24240859,0.12882103,7.949305,0.38265213,4
-4132.4185,1.8804007,0.001680138,0.3584182,0.002413603,0.8368993,3.924044,0.24267235,0.65817606,7.447301,1.981905,5
-421092.34,1.5498892,0.13094586,0.34815365,0.002315093,0.43377462,2.078789,0.27821216,0.79314137,4.8625836,1.3240774,6
-1926.4878,1.7117274,0.038653035,0.18199478,0.002507326,0.7755199,4.928022,0.11601723,0.5570375,9.825373,0.25637397,7
-1061.374,1.9097114,0.088052385,0.19324175,0.002310847,0.11028646,9.389724,0.13007808,0.76061434,3.46376,0.15738317,8
-4615.2437,2.380916,0.40092525,0.25009438,0.002706461,0.709314,0.48721424,0.05676286,0.2406518,1.7577593,0.69191706,9
-5855.148,1.6224099,0.22611107,0.08438347,0.002617955,0.5439413,0.00309,0.14075805,0.42698216,9.918475,0.5360238,0
-2614.2405,2.400352,0.39651537,0.1436515,0.002599224,0.93761617,2.5017242,0.1388033,0.53868663,2.7886927,1.1409298,1
-8693.156,1.6003846,0.12265848,0.20896596,0.002685106,0.18910101,6.588698,0.15781997,0.8018402,6.588467,1.7533425,2
-7968.4033,1.6260474,0.40966776,0.23488837,0.002692484,0.76956177,3.5840333,0.27454692,0.6610933,9.816578,1.5165133,3
-27640.258,1.6578107,0.2086569,0.2778687,0.003114804,0.12648812,0.2726302,0.27370596,0.3309982,5.923408,1.4490423,4
-12019.723,2.1103685,0.001680138,0.3329909,0.002402142,0.8894841,0.093482636,0.26786193,0.39631185,1.2374909,0.87647384,5
-13709.597,1.6898066,0.13094586,0.12009509,0.002692019,0.99013984,12.008966,0.15679045,0.32368377,3.823975,1.6311932,6
-975512.3,2.0638337,0.038653035,0.18241094,0.00285396,0.9932417,1.2033854,0.07761447,0.47071707,6.9175606,0.69644046,7
-675.7267,2.1554964,0.088052385,0.16250914,0.00257151,0.3074586,14.392314,0.08789744,0.16980335,8.033559,0.14163293,8
-22333.613,1.7087752,0.40092525,0.17633459,0.002822351,0.9051331,2.8386962,0.058834504,0.1487884,5.27593,0.79320276,9
-968.11865,2.0259933,0.22611107,0.12273682,0.002617955,0.5254845,0.00309,0.14075805,0.42698216,8.541651,1.8212434,0
-8582.804,2.3935664,0.39651537,0.29648188,0.002599224,0.9410998,2.5017242,0.1388033,0.53868663,1.8872366,1.9961591,1
-9732.699,2.4387286,0.12265848,0.29273483,0.002685106,0.57085764,6.588698,0.15781997,0.8018402,3.1583238,1.5244993,2
-4709.3506,2.2386723,0.40966776,0.34366852,0.002692484,0.9477006,3.5840333,0.27454692,0.6610933,5.568819,1.6549803,3
-572.7533,2.003085,0.2086569,0.24572095,0.003114804,0.62265676,0.2726302,0.27370596,0.3309982,3.5432968,1.3155416,4
-16728.854,2.2357235,0.001680138,0.23108827,0.002402142,0.733637,0.093482636,0.26786193,0.39631185,5.9713144,1.5845106,5
-1258.1139,2.473306,0.13094586,0.19127752,0.002692019,0.87960666,12.008966,0.15679045,0.32368377,8.116903,0.11710288,6
-5382.538,2.0098612,0.038653035,0.2916862,0.00285396,0.7554062,1.2033854,0.07761447,0.47071707,7.486425,0.17345437,7
-13602.143,1.9794775,0.088052385,0.25725332,0.00257151,0.34176975,14.392314,0.08789744,0.16980335,9.41585,0.19427118,8
-931.63995,1.541064,0.40092525,0.06685156,0.002822351,0.93441224,2.8386962,0.058834504,0.1487884,3.4839766,0.17965078,9
-32852.61,2.100654,0.12229545,0.200647,0.002884393,0.37098232,1.2536198,0.2180728,0.3196195,9.466028,1.43071,0
-25386.246,2.3483996,0.4786171,0.20181236,0.002769675,0.94897324,3.1879156,0.18118422,0.3969078,3.1675696,1.8059229,1
-15566.52,2.080703,0.3234156,0.2377197,0.002616966,0.67055744,7.878266,0.2681896,0.89467764,2.2224138,1.649282,2
-1699.3093,1.9344312,0.28226015,0.30983502,0.002752726,0.8681938,8.950167,0.24672194,0.78142005,3.6641068,0.7720467,3
-31721.168,2.3232307,0.3344744,0.22827941,0.003041806,0.8452576,3.9172506,0.1922036,0.3495248,1.7356238,0.789469,4
-1710.008,1.9830593,0.17128572,0.3686017,0.002442753,0.6815361,2.0236838,0.28073817,0.6597096,5.47218,1.4694997,5
-2434.8896,1.5353341,0.21985602,0.08506265,0.00276075,0.9934124,13.334739,0.088668436,0.2862644,8.682088,0.9676008,6
-2372.4314,2.1521826,0.028852267,0.25308263,0.002688949,0.83625233,2.063778,0.14101695,0.26134357,8.978293,0.20715013,7
-5003.9893,2.0825763,0.028956018,0.19592272,0.002654507,0.18499306,11.622787,0.18224382,0.26582047,9.980433,0.39673087,8
-2716.832,2.3967125,0.44418678,0.13833502,0.002765675,0.84369236,0.4510441,0.05170628,0.19115473,2.7707896,0.4117742,9
-3073.63,1.7294544,0.22611107,0.24132067,0.002310902,0.43823892,0.00309,0.26143906,0.14251423,8.541651,1.33558,0
-6671.801,1.8426771,0.39651537,0.069894336,0.002790235,0.99065995,2.5017242,0.05040864,0.5364678,1.8872366,1.5479996,1
-37374.113,2.3165104,0.12265848,0.19871923,0.002492306,0.7949655,6.588698,0.14561401,0.88134366,3.1583238,1.7217381,2
-973.8745,2.3075426,0.40966776,0.32060975,0.003131304,0.98791224,3.5840333,0.16610801,0.3681383,5.568819,1.3659409,3
-2465.4888,2.1242316,0.2086569,0.2405951,0.003060489,0.6201713,0.2726302,0.27265123,0.49217635,3.5432968,1.4684476,4
-2707.8828,1.7236439,0.001680138,0.29067022,0.002357825,0.7935856,0.093482636,0.26698264,0.5033272,5.9713144,1.6305451,5
-8710.226,1.603557,0.13094586,0.14536668,0.00231845,0.6226354,12.008966,0.19481207,0.48174438,8.116903,0.7131996,6
-5355.622,2.0245323,0.038653035,0.18807635,0.002663137,0.64310235,1.2033854,0.06683012,0.18874952,7.486425,0.27227026,7
-4805.1025,2.3334227,0.088052385,0.154922,0.002945853,0.25452164,14.392314,0.07393849,0.21529563,9.41585,0.81377757,8
-2169.1226,2.0543795,0.40092525,0.15262322,0.002944459,0.98578817,2.8386962,0.071283825,0.30960658,3.4839766,1.3854567,9
-2913.2693,2.0259933,0.30990037,0.13698426,0.002617955,0.3438844,2.4226658,0.1435199,0.59015906,5.6148915,1.6670351,0
-463.33655,2.1816661,0.40634644,0.18703471,0.002599224,0.8025613,1.5517492,0.22999668,0.5628259,2.7437165,1.7499048,1
-26757.768,1.9942894,0.10074992,0.30446488,0.002685106,0.5589085,5.8748245,0.2738625,0.76072913,2.1817994,1.6084741,2
-39437.05,2.2983108,0.13853616,0.32013384,0.002692484,0.6977653,9.121553,0.27111357,0.7486985,7.0129843,1.3944206,3
-754.7344,2.3116443,0.23624112,0.26562816,0.003114804,0.3574137,7.8165135,0.27998996,0.13444784,4.6491466,1.3283359,4
-10078.06,2.0599642,0.0807197,0.35269976,0.002402142,0.6335694,7.998538,0.2926234,0.7748391,5.303242,1.3001419,5
-4098.5234,1.5221843,0.036950946,0.106853,0.002692019,0.6538861,10.477202,0.15790395,0.25711855,7.6134048,0.19383512,6
-11674.41,2.118549,0.15830521,0.07618112,0.00285396,0.7204981,7.9685664,0.1786439,0.29716855,8.929589,1.1336485,7
-1102877.4,2.318524,0.25127578,0.14378679,0.00257151,0.55734766,12.338068,0.070363514,0.43160775,9.602386,0.7461149,8
-802.81433,2.2895074,0.4264363,0.23871957,0.002822351,0.77518475,2.6257768,0.1262281,0.16040719,2.9872782,1.3988594,9
-1808.045,2.0259933,0.22611107,0.12273682,0.002617955,0.5254845,3.3095968,0.20593043,0.42698216,8.541651,1.8212434,0
-2279.99,2.1816661,0.40634644,0.18703471,0.002599224,0.8025613,13.193559,0.25019085,0.5628259,2.7437165,1.7499048,1
-10742.584,1.9942894,0.12265848,0.20896596,0.002685106,0.57085764,10.772442,0.24712779,0.8018402,3.1583238,1.5244993,2
-464.9024,2.2983108,0.40966776,0.23488837,0.002692484,0.9477006,6.7625923,0.29283577,0.6610933,5.568819,1.6549803,3
-1687.2101,2.3116443,0.2086569,0.2778687,0.003114804,0.62265676,14.901018,0.25646928,0.3309982,3.5432968,1.3155416,4
-998.47955,2.0599642,0.001680138,0.3329909,0.002402142,0.733637,8.256543,0.26844275,0.39631185,5.9713144,1.5845106,5
-1531.8722,1.5221843,0.13094586,0.12009509,0.002692019,0.87960666,13.375793,0.28334275,0.32368377,8.116903,0.11710288,6
-8721.917,2.118549,0.038653035,0.18241094,0.00285396,0.7554062,0.1506609,0.2634061,0.47071707,7.486425,0.17345437,7
-1154.1509,2.318524,0.088052385,0.16250914,0.00257151,0.34176975,8.044047,0.20057082,0.16980335,9.41585,0.19427118,8
-561.37103,2.2895074,0.40092525,0.17633459,0.002822351,0.93441224,9.378954,0.124982335,0.1487884,3.4839766,0.17965078,9
-348030.2,2.064578,0.2630169,0.07279817,0.002563128,0.7004574,1.0524086,0.07729234,0.2220854,9.801109,0.93911105,0
-8902.39,1.9812728,0.15147638,0.18642096,0.002490021,0.6497283,6.303893,0.16405788,0.31318823,9.347277,0.6938544,1
-736.25415,1.8716059,0.06565056,0.17777781,0.002505727,0.57118577,6.4602866,0.1492922,0.7765598,4.3064504,1.677356,2
-9718.005,2.2755525,0.2298905,0.1862001,0.002590703,0.8271908,12.245394,0.1780463,0.56684214,9.733429,0.5884641,3
-109814.37,2.380843,0.05292715,0.26509967,0.003112514,0.3804315,7.491647,0.19467027,0.1179301,6.7677484,0.4497165,4
-1228.2474,2.098679,0.070494115,0.34888536,0.002501516,0.18435867,0.19388713,0.17728412,0.37946075,4.617854,0.7389916,5
-18169.785,1.5088222,0.37477142,0.18966955,0.002885238,0.68051875,11.91377,0.058584154,0.35582754,9.1524105,0.3448549,6
-1690.7532,2.2967973,0.49464285,0.15118319,0.002849819,0.97594845,1.5366784,0.21236299,0.27171832,7.468109,0.18089652,7
-4812.4707,1.902208,0.07352951,0.08578315,0.002456799,0.22111925,12.224574,0.11243619,0.16909888,7.934888,0.425153,8
-2193.3318,2.2927916,0.49349195,0.1530083,0.002964987,0.80385196,2.9460378,0.06612566,0.20505458,1.660463,0.5522705,9
-15728.701,2.1362746,0.118857436,0.20621464,0.002747698,0.5081833,9.456675,0.16541275,0.4412998,6.4986935,1.8497032,0
-1572.5557,2.20549,0.4522253,0.21593413,0.002772081,0.8562388,2.265785,0.19758914,0.57095355,2.1444259,1.1278778,1
-14295.123,2.1587875,0.4208573,0.3656044,0.00309647,0.8556882,1.6170254,0.0502,0.1641743,8.741448,0.102,2
-3919.4036,2.3648949,0.40526992,0.29108077,0.002801335,0.9340846,6.411728,0.20081264,0.78406644,3.5776913,1.9635087,3
-673.6468,2.1286037,0.3007297,0.27027115,0.003133386,0.39790756,10.189153,0.095492855,0.2015201,4.692424,1.4419926,4
-1726.6536,1.7155468,0.052815497,0.2993536,0.002314874,0.7982966,6.2362328,0.2882307,0.32023332,6.295519,1.555208,5
-1334.8962,1.5206517,0.093838036,0.16837196,0.002610499,0.76524186,8.603039,0.28158945,0.23980097,9.232112,0.9446773,6
-735.74274,2.259913,0.024639513,0.21613917,0.002907683,0.6803177,3.2330225,0.14354315,0.37345827,7.656755,0.11590578,7
-6158.2295,2.1852126,0.011429929,0.10622873,0.002523178,0.13420984,11.13478,0.09210907,0.1668733,8.892384,0.28450763,8
-1659.5723,2.1949198,0.44426838,0.08572996,0.002676429,0.8668096,4.6917453,0.06760979,0.33031997,2.7014031,0.74322164,9
-17237.63,1.8691236,0.026090827,0.18563318,0.002481643,0.3475357,0.8284247,0.19511285,0.6200798,9.714208,1.7245754,0
-16292.17,2.1375618,0.40159208,0.056242682,0.002802696,0.7529866,1.8261095,0.20990281,0.8193585,2.7453425,0.52012277,1
-855.4771,1.6511974,0.036725204,0.3964936,0.002313358,0.8075171,10.3890505,0.12532644,0.2965224,2.8613796,0.102,2
-5738.318,2.4337747,0.29430822,0.28225237,0.002838564,0.967404,8.546565,0.2942779,0.63142306,5.1138515,0.82751274,3
-2224.3567,2.1883733,0.18563479,0.36705607,0.002898651,0.55955976,1.0982429,0.28773838,0.16176078,7.0136843,1.134121,4
-3313.9543,1.7135868,0.2699616,0.33798793,0.002502531,0.48579267,13.021008,0.26216745,0.17574637,4.0439663,0.2891004,5
-4020.093,1.5489767,0.11390224,0.06604536,0.002635791,0.8134673,14.41291,0.13370723,0.60294235,8.286874,0.20407373,6
-2620.767,2.4934516,0.005341917,0.26839128,0.002645941,0.6386688,4.4499316,0.14799753,0.38673538,7.009428,0.19382925,7
-1209.9625,2.326185,0.014809553,0.18496872,0.002798415,0.16117649,10.706913,0.07717852,0.22200027,8.273062,0.20206688,8
-4052.9397,2.419693,0.34417278,0.1800915,0.002959171,0.99064434,1.1022906,0.05131336,0.27495733,5.8092165,0.83149505,9
